Date,Temperature,Humidity,Rainfall,WindSpeed,Pressure,Weather
1/1/2024,27.5,50.2,13.1,21.8,1012.2,Sunny
1/2/2024,39,69.8,12.3,24.9,1019.2,Hot
1/3/2024,34.6,88,45.3,11.3,1017.8,Rainy
1/4/2024,32,80.3,12.5,20.6,999.6,Cloudy
1/5/2024,23.1,84.4,13.6,19.3,999.5,Cloudy
1/6/2024,23.1,76.2,38,25.8,1003,Rainy
1/7/2024,21.2,78.1,22.5,27.7,1005.8,Rainy
1/8/2024,37.3,86.7,38.8,5.3,1007.3,Rainy
1/9/2024,32,53.7,3.3,21.9,1015.4,Sunny
1/10/2024,34.2,66.9,24.4,6.3,996.7,Rainy
1/11/2024,20.4,52.2,1.7,18.7,996,Sunny
1/12/2024,39.4,94.3,3.1,12.2,1006.8,Hot
1/13/2024,36.6,91.9,45.3,12.7,1015.9,Rainy
1/14/2024,24.2,42.2,7,13.8,1000.8,Sunny
1/15/2024,23.6,78.8,26.6,20.5,1014.2,Rainy
1/16/2024,23.7,90.9,20.6,13.4,1002.8,Rainy
1/17/2024,26.1,49.9,17.4,23.3,1021.6,Rainy
1/18/2024,30.5,71.2,45,15.1,1021.9,Rainy
1/19/2024,28.6,90.4,1.1,6.7,1003.9,Cloudy
1/20/2024,25.8,41.9,33.2,24.6,1001.9,Rainy
1/21/2024,32.2,78.4,48.2,12.1,1007.3,Rainy
1/22/2024,22.8,56.4,28,15.8,1002.2,Rainy
1/23/2024,25.8,90.8,46.8,22.1,1015.2,Rainy
1/24/2024,27.3,93.4,2.6,13.3,1019.8,Cloudy
1/25/2024,29.1,91.9,20.9,6.4,1015.2,Rainy
1/26/2024,35.7,66.1,13,14.3,1019.7,Hot
1/27/2024,24,87.4,36.5,28.6,1006.9,Rainy
1/28/2024,30.3,86.5,49.1,21,999.7,Rainy
1/29/2024,31.8,57.6,12.8,21.8,1017.1,Sunny
1/30/2024,20.9,85.6,32.7,20.8,1005.8,Rainy
1/31/2024,32.2,42,9.9,10,1015.1,Sunny
2/1/2024,23.4,72.8,28.3,15.5,1003.1,Rainy
2/2/2024,21.3,52.7,23.2,23.8,997.4,Rainy
2/3/2024,39,46.6,48.6,7.5,1024.8,Rainy
2/4/2024,39.3,44.2,30.4,11.9,999.7,Rainy
2/5/2024,36.2,78.3,17.5,11.9,1024.7,Rainy
2/6/2024,26.1,58.7,5.7,15.8,1024.3,Sunny
2/7/2024,22,79.9,7.6,29.5,1018.8,Sunny
2/8/2024,33.7,43.6,11.3,6.7,1014.8,Sunny
2/9/2024,28.8,57.3,12.5,18,1012.3,Sunny
2/10/2024,22.4,69.7,42.5,9.5,1021,Rainy
2/11/2024,29.9,83.5,28.1,29.3,1003.7,Rainy
2/12/2024,20.7,57.5,26.2,7.8,1009,Rainy
2/13/2024,38.2,74.4,5.7,15.1,1013.6,Hot
2/14/2024,25.2,88.7,43,23.4,1007.3,Rainy
2/15/2024,33.3,73.9,36.1,22.6,1007.8,Rainy
2/16/2024,26.2,52.8,3.4,15.6,1004.9,Sunny
2/17/2024,30.4,41.3,35.4,13.7,1011.9,Rainy
2/18/2024,30.9,87.9,27.2,14.9,1020.5,Rainy
2/19/2024,23.7,41.2,4.1,11.6,1001,Sunny
2/20/2024,39.4,88.1,22.9,10.1,1023,Rainy
2/21/2024,35.5,69.1,24.2,17.1,1015.7,Rainy
2/22/2024,38.8,91.6,8.3,11.7,1019.7,Hot
2/23/2024,37.9,83.9,47.3,12.2,1011.7,Rainy
2/24/2024,32,94.9,42.5,21.4,1018.4,Rainy
2/25/2024,38.4,59.3,33.5,29.2,995.5,Rainy
2/26/2024,21.8,82.2,23.1,20.1,1019.6,Rainy
2/27/2024,23.9,62.1,20.6,6.9,996.2,Rainy
2/28/2024,20.9,66.4,32.5,6.9,1021.7,Rainy
2/29/2024,26.5,74.5,27.3,28.8,1024.8,Rainy
3/1/2024,27.8,88.1,3.1,12.4,1003.8,Cloudy
3/2/2024,25.4,94.1,25.6,7.3,1001.3,Rainy
3/3/2024,36.6,82.3,40.3,20,1018,Rainy
3/4/2024,27.1,63,23,20.6,1002.6,Rainy
3/5/2024,25.6,63.2,2.6,21.2,1021,Sunny
3/6/2024,30.9,80.6,39.3,11.7,998.1,Rainy
3/7/2024,22.8,53.1,10.1,5.4,998.8,Sunny
3/8/2024,36,46.1,12.9,29.1,1024.4,Hot
3/9/2024,21.5,59.5,8.2,11.3,1015.2,Sunny
3/10/2024,39.7,55.8,16.5,21.9,1020.4,Rainy
3/11/2024,35.4,56.3,37.8,22.7,1004.7,Rainy
3/12/2024,24,52.8,26,20.3,1015.3,Rainy
3/13/2024,20.1,42.3,10.2,12.8,1012.8,Sunny
3/14/2024,36.3,41,43.9,11.8,1013.1,Rainy
3/15/2024,34.1,94.3,44,19.9,1015.5,Rainy
3/16/2024,34.6,63.5,43.5,26.7,1012.3,Rainy
3/17/2024,35.4,61.1,11.9,28.7,1007.9,Hot
3/18/2024,21.5,77.4,22.6,7.6,1003.3,Rainy
3/19/2024,27.2,52,49.2,8.9,1018.1,Rainy
3/20/2024,22.3,92.2,38.6,28.6,1001.8,Rainy
3/21/2024,37.3,83.2,1.4,23.4,1015.8,Hot
3/22/2024,32.5,44.9,3.3,27.1,1002,Sunny
3/23/2024,26.6,63,23.2,10.1,1013.8,Rainy
3/24/2024,21.3,88.4,45.5,19.7,1017.4,Rainy
3/25/2024,26.2,92,26.9,22.5,1001.6,Rainy
3/26/2024,26.5,65.7,24.9,22,996.8,Rainy
3/27/2024,34.6,73.7,5.3,15.2,998.9,Sunny
3/28/2024,32.8,49.2,32.8,5.4,1013.2,Rainy
3/29/2024,37.7,94.5,41.1,19.6,1020.5,Rainy
3/30/2024,29.4,52.7,19,11.3,996.3,Rainy
3/31/2024,22.4,91.9,38.8,16.3,1017,Rainy
4/1/2024,34.3,75.7,48.2,28.9,1005.2,Rainy
4/2/2024,35.2,73.4,10.2,15,1009.4,Hot
4/3/2024,31.2,68.2,26.2,26,1022.9,Rainy
4/4/2024,35.4,52.7,14.4,9.7,1005,Hot
4/5/2024,29.9,49.7,39.6,21.8,1009,Rainy
4/6/2024,30.5,52.1,28.9,29.4,995.4,Rainy
4/7/2024,28.6,50.3,31.7,7.5,997.4,Rainy
4/8/2024,20.5,82.9,39.9,5.2,1002.8,Rainy
4/9/2024,22.2,59.3,19.8,15.8,995.8,Rainy
4/10/2024,20.6,43.2,45.8,7.3,1013.9,Rainy
4/11/2024,32.7,93.3,26.7,23.7,1007.8,Rainy
4/12/2024,26.3,88.6,7.9,27.9,1011.4,Cloudy
4/13/2024,30.2,91,34.8,15.9,1000.2,Rainy
4/14/2024,38.2,94.7,39.7,11.5,1003.9,Rainy
4/15/2024,25,49.6,15.8,15.9,1014.9,Rainy
4/16/2024,28.2,61.8,42.9,23.1,1024,Rainy
4/17/2024,35.1,81.7,45.3,5.2,996.5,Rainy
4/18/2024,24.6,78.3,13.8,19.7,1021.7,Sunny
4/19/2024,21.5,48.5,49.2,20.3,1012.3,Rainy
4/20/2024,25.8,84.9,7,20.9,1011.9,Cloudy
4/21/2024,23.2,52.3,10.1,11.1,1010,Sunny
4/22/2024,38.6,52.3,9.2,22.9,997.1,Hot
4/23/2024,36.2,69.5,44.7,7.3,997.7,Rainy
4/24/2024,32.7,72.6,32.7,10,1013,Rainy
4/25/2024,37.4,71.9,7.6,26.9,1005.2,Hot
4/26/2024,36.1,45,22,23.5,1022.5,Rainy
4/27/2024,23.7,88.3,30.8,5.3,1007.2,Rainy
4/28/2024,37.9,54.6,4.2,11.2,999.3,Hot
4/29/2024,30.8,47.1,44.1,10.4,1016.4,Rainy
4/30/2024,36.1,88.9,40.2,11.8,1003.8,Rainy
5/1/2024,37.9,92.6,25.3,11.2,1010.8,Rainy
5/2/2024,26.4,87.4,48.4,6.6,1015.9,Rainy
5/3/2024,22.2,84.5,20.9,16.5,1022,Rainy
5/4/2024,24.6,76,49.2,23.3,1018.8,Rainy
5/5/2024,28.5,70.3,33.4,20.2,1015.3,Rainy
5/6/2024,36.4,44.8,31.7,21.8,1015.4,Rainy
5/7/2024,37.2,62.5,8.3,7,1023.4,Hot
5/8/2024,20.1,60.5,44.1,28.8,1003.9,Rainy
5/9/2024,30.2,54.3,21.4,26,995,Rainy
5/10/2024,28.3,79.8,8.1,25.1,1003.2,Sunny
5/11/2024,24.4,67.3,0.6,25.6,1001.5,Sunny
5/12/2024,22.4,44.5,28,28.3,1014.9,Rainy
5/13/2024,26.8,52.1,26.4,18.6,1014,Rainy
5/14/2024,38.9,77.6,36,10,1012.8,Rainy
5/15/2024,26.5,44.2,44.5,20.4,995.5,Rainy
5/16/2024,30.4,86.8,4,23.6,1016.9,Cloudy
5/17/2024,34.1,67.2,36.6,23.4,1004.7,Rainy
5/18/2024,27.3,66.4,9.4,18,1015,Sunny
5/19/2024,39.4,72.6,42.9,6.7,1011.7,Rainy
5/20/2024,39.2,85.4,41,14.3,1005.3,Rainy
5/21/2024,25,59.1,27,28,999,Rainy
5/22/2024,29.9,77.3,35.5,19.6,997.8,Rainy
5/23/2024,26,71.1,15.7,18.5,1019.9,Rainy
5/24/2024,25.7,54.7,23.6,11.7,1022.6,Rainy
5/25/2024,20.7,88.3,41.1,14.2,1014.5,Rainy
5/26/2024,32.2,83.9,23,27.4,998.1,Rainy
5/27/2024,30.1,76.2,17.9,21.7,1007.1,Rainy
5/28/2024,21,86.8,24.7,24.7,1016.9,Rainy
5/29/2024,25.6,87.7,41.4,16.4,1018.4,Rainy
5/30/2024,38.2,79,16.8,20.8,998.5,Rainy
5/31/2024,24.8,86,8.7,11.2,995,Cloudy
6/1/2024,22.9,78.4,35.6,22.6,1016.4,Rainy
6/2/2024,29.8,77.4,41.3,15.7,1005.7,Rainy
6/3/2024,39.7,74,5,16.1,1002.6,Hot
6/4/2024,24.8,81.4,12,21.2,995.4,Cloudy
6/5/2024,33.4,48.7,7.1,28.4,1011.2,Sunny
6/6/2024,35.2,88.4,17.4,6.6,1020.5,Rainy
6/7/2024,24.8,88,22.5,25.6,1023.7,Rainy
6/8/2024,34.6,41.6,37.4,12.3,1012,Rainy
6/9/2024,27.4,85.4,32.6,16.1,1010.4,Rainy
6/10/2024,32.6,47.1,31,5.5,997.6,Rainy
6/11/2024,32.7,58.4,17.6,12.5,1011.5,Rainy
6/12/2024,30.7,80.9,42.1,17.6,1006.4,Rainy
6/13/2024,21.8,48.8,23.6,6.4,1013.2,Rainy
6/14/2024,36.7,85,49,17.3,1006.7,Rainy
6/15/2024,26.4,85.8,31.7,28.2,1002.2,Rainy
6/16/2024,23.7,67.9,6.3,7.6,997.8,Sunny
6/17/2024,20.8,40.4,33.8,24.1,1004.4,Rainy
6/18/2024,31.8,55.8,16.3,15.2,997.9,Rainy
6/19/2024,33.6,73.9,34.3,21.4,1000.3,Rainy
6/20/2024,20.3,94,3.5,11.5,1024.6,Cloudy
6/21/2024,30.2,74.7,8.7,9,1008.3,Sunny
6/22/2024,24.5,54.3,42.8,9,1011,Rainy
6/23/2024,32.9,74.9,11.4,6.8,1021.2,Sunny
6/24/2024,23.5,69.7,41.9,9.6,1024.9,Rainy
6/25/2024,33.8,82.9,14,21.6,1012.5,Cloudy
6/26/2024,27.7,45.9,32.1,27,1019.4,Rainy
6/27/2024,38.7,81.9,34.7,25.4,1004.8,Rainy
6/28/2024,22.8,69.8,25.6,22.1,1004.2,Rainy
6/29/2024,26.8,93,15.3,7.8,1007.1,Rainy
6/30/2024,22.3,58.8,10.6,12.2,1015.2,Sunny
7/1/2024,38.5,74.8,1.7,12.7,1015.5,Hot
7/2/2024,37.5,91.3,15.2,11.2,1004.5,Rainy
7/3/2024,25.2,45.6,32.7,17.9,999,Rainy
7/4/2024,33.2,91.5,46.9,18.4,1014,Rainy
7/5/2024,36.3,77.8,43.6,13.9,998.8,Rainy
7/6/2024,31.1,43.7,38.3,13.8,1012.4,Rainy
7/7/2024,30.6,56.6,39.4,25.7,1015.8,Rainy
7/8/2024,24.8,78.9,33.2,24.7,1016,Rainy
7/9/2024,21.9,43.7,13,12.7,1017.6,Sunny
7/10/2024,37.9,72,45.4,27.8,1021.2,Rainy
7/11/2024,38,59,33.5,28.8,1010,Rainy
7/12/2024,32.7,74.2,28,13.2,1016.9,Rainy
7/13/2024,26.8,42.5,5.5,13.9,1013.6,Sunny
7/14/2024,27,87.9,22.4,17.6,1000.6,Rainy
7/15/2024,34.5,93.5,23,28.5,995.8,Rainy
7/16/2024,37.9,93.3,43.2,26.9,1003.5,Rainy
7/17/2024,37.7,81.2,27.3,7.6,1008.3,Rainy
7/18/2024,35.6,47.2,19,14.8,1013.5,Rainy
7/19/2024,32.8,81.7,48.8,18.8,1020.5,Rainy
7/20/2024,21.7,41.4,5.5,17.6,1000.9,Sunny
7/21/2024,23.2,41.2,21.1,9.8,998.8,Rainy
7/22/2024,38,57.8,2.1,26.5,1023.9,Hot
7/23/2024,32.1,66.9,37,21.9,998.2,Rainy
7/24/2024,20.2,82.4,45.9,25.9,1009.4,Rainy
7/25/2024,22,77.6,14,26.5,1012.6,Sunny
7/26/2024,33.3,64.5,42.9,23.7,1011.2,Rainy
7/27/2024,20.1,55,14.6,16,997.6,Sunny
7/28/2024,23.2,94.8,45.5,20.3,996.7,Rainy
7/29/2024,31,63.4,37.7,9,998.2,Rainy
7/30/2024,33.8,64.8,40.2,21.8,1012.6,Rainy
7/31/2024,33,49,0.9,9.5,1011.3,Sunny
8/1/2024,24.5,83.7,48.1,22.3,1002,Rainy
8/2/2024,34.2,78.2,36.3,10.7,1014.1,Rainy
8/3/2024,24.7,52.1,15.2,7.9,1019.6,Rainy
8/4/2024,26.5,44.5,41.5,9.1,996.2,Rainy
8/5/2024,34.9,77.4,14.1,5,1009.9,Sunny
8/6/2024,33,76,43.6,23,1015.7,Rainy
8/7/2024,37,55,5.6,23.3,1002.6,Hot
8/8/2024,33.2,92.3,35.2,17.9,1004.2,Rainy
8/9/2024,31.4,48.3,27,9,1013.4,Rainy
8/10/2024,21.9,63.8,4.8,7.1,1021.9,Sunny
8/11/2024,27.4,91.9,12.1,5.5,1019.3,Cloudy
8/12/2024,25.3,63.1,0.6,9.1,1012.5,Sunny
8/13/2024,24.9,75.1,23.4,27.3,1016.9,Rainy
8/14/2024,39.5,61.9,15.1,11,1005.9,Rainy
8/15/2024,27.9,55.1,29.9,13.9,1014.2,Rainy
8/16/2024,37.8,94.1,14.9,7.6,1009,Hot
8/17/2024,32.6,62.5,15,10.6,1000.7,Sunny
8/18/2024,35.9,89.2,37.2,18,1016.1,Rainy
8/19/2024,30.1,52.6,2.4,20.2,1011.7,Sunny
8/20/2024,31.5,51.7,45.1,11.1,1005.8,Rainy
8/21/2024,29.9,41.7,42.6,6.4,1022.3,Rainy
8/22/2024,23.9,75.8,33.4,14.8,995.6,Rainy
8/23/2024,34.4,60.3,29.7,10.9,1004.5,Rainy
8/24/2024,25.6,87.5,44.6,10.5,996.7,Rainy
8/25/2024,20.5,66,9.3,29,1018,Sunny
8/26/2024,32.9,93.3,3.9,20.4,1016.1,Cloudy
8/27/2024,23.5,50.2,12,18.9,1004.9,Sunny
8/28/2024,38.8,87.8,39.7,15.4,1015.3,Rainy
8/29/2024,39.1,82.7,1.7,15.7,1006.9,Hot
8/30/2024,38.3,82.4,29.1,18.5,1017.7,Rainy
8/31/2024,27.4,86.5,49.8,22.4,1008.6,Rainy
9/1/2024,20.3,81.9,42.8,22.6,1007.4,Rainy
9/2/2024,38.6,74.4,26.1,9.3,1023,Rainy
9/3/2024,28.6,47.2,3.2,17.5,1002.5,Sunny
9/4/2024,39.3,41.8,41.6,15.3,998.6,Rainy
9/5/2024,39.3,90.6,29.9,26.8,1012.5,Rainy
9/6/2024,37.1,73.9,5.7,20.8,1024.1,Hot
9/7/2024,25.9,83.8,4.7,18.3,1006.3,Cloudy
9/8/2024,27.7,66.5,45.5,7.9,996.9,Rainy
9/9/2024,37,46.5,33.5,20.1,1005.2,Rainy
9/10/2024,26.3,46.9,41.5,7.9,1010.2,Rainy
9/11/2024,23.4,77.7,43.9,13.4,999.9,Rainy
9/12/2024,31.1,63.7,28.6,8.6,1014.7,Rainy
9/13/2024,38.7,51,25.9,22.3,1024.9,Rainy
9/14/2024,33.9,67,21.5,10.2,1008.6,Rainy
9/15/2024,31.4,43.5,15.8,14.8,1005.6,Rainy
9/16/2024,21.9,72,21.7,27.4,1007,Rainy
9/17/2024,32.3,54.8,38.7,10.1,998.5,Rainy
9/18/2024,39.8,83.9,30.1,17.7,1021.5,Rainy
9/19/2024,22.8,57.1,44.6,15.5,1007.4,Rainy
9/20/2024,30.4,65,22.2,5.5,1006.6,Rainy
9/21/2024,37.5,40.6,30.4,24.8,1014.8,Rainy
9/22/2024,34.8,44,31.6,6.7,1008.3,Rainy
9/23/2024,33.9,61.6,29.6,16.9,1014.4,Rainy
9/24/2024,34,66.4,35.1,19,996.8,Rainy
9/25/2024,27.2,73,11.9,20.7,1019.4,Sunny
9/26/2024,25.9,56,25.6,22.2,1023.2,Rainy
9/27/2024,36.2,78.2,5.2,11.3,1014.5,Hot
9/28/2024,36.2,87.3,19.2,5.2,1023.6,Rainy
9/29/2024,37.3,82.9,24.4,23.1,999.5,Rainy
9/30/2024,38.3,42.2,32.6,18.4,1009.3,Rainy
10/1/2024,30.2,66.4,47.5,25.9,1013.1,Rainy
10/2/2024,30,45.8,30,25.5,1012.5,Rainy
10/3/2024,36,53.3,37.2,26.1,1007,Rainy
10/4/2024,33,94.3,25.3,17.1,1005.1,Rainy
10/5/2024,34,47.8,31.7,13.3,998.8,Rainy
10/6/2024,35.9,67.4,3.5,24.8,1006.8,Hot
10/7/2024,37.8,74,12.7,16.3,999.9,Hot
10/8/2024,26.8,78.6,18.1,9.6,1017,Rainy
10/9/2024,27.5,70.8,23.6,26.4,1001.3,Rainy
10/10/2024,21.9,40.5,2.3,27.1,996.8,Sunny
10/11/2024,31.6,58,7,16.7,1011.6,Sunny
10/12/2024,20.7,68.5,13.8,6.9,1012.9,Sunny
10/13/2024,29.3,44.8,48.6,14.7,1021.2,Rainy
10/14/2024,30.9,59.3,16.6,25.1,1012.3,Rainy
10/15/2024,25.7,41.8,24.1,27.5,1005.4,Rainy
10/16/2024,31.8,44.3,9.8,10.1,1019.1,Sunny
10/17/2024,20.6,61.8,30.5,6.7,1011.2,Rainy
10/18/2024,20.7,47.3,14,26.9,997.4,Sunny
10/19/2024,36.5,71.2,10.3,14.7,1012,Hot
10/20/2024,27.2,77.9,25.8,18.5,1022.2,Rainy
10/21/2024,22.5,84,0.3,29.2,1006.9,Cloudy
10/22/2024,30.4,51,0.4,6.7,1003.9,Sunny
10/23/2024,35.4,49.2,11,21.2,999.3,Hot
10/24/2024,24.3,45.8,1.8,6.9,999.5,Sunny
10/25/2024,32.5,75,5.4,14.4,1008,Sunny
10/26/2024,21.7,78.9,16.9,25.1,1012.9,Rainy
10/27/2024,21,41.7,40.1,15.8,997.4,Rainy
10/28/2024,30.6,91.5,28.6,29.9,1023.2,Rainy
10/29/2024,30.8,42.9,25.6,19,1017.7,Rainy
10/30/2024,32.7,69.8,14.7,13,1012.6,Sunny
10/31/2024,34.5,79,46.6,10.5,1019.9,Rainy
11/1/2024,39.5,87.9,19.9,13.8,997.4,Rainy
11/2/2024,30.3,79.3,4.4,14.3,1009.3,Sunny
11/3/2024,26.5,84.1,30.9,6.7,1013.9,Rainy
11/4/2024,35.9,58.7,5.7,14.2,1019.9,Hot
11/5/2024,25.4,84.8,17.3,16.6,1018.5,Rainy
11/6/2024,28.8,44.4,25.4,23.1,1003.3,Rainy
11/7/2024,21.6,89.2,43.7,21.4,1023.2,Rainy
11/8/2024,20.5,70.1,24.7,22.7,998.7,Rainy
11/9/2024,39.3,85,35.1,5.2,1021.3,Rainy
11/10/2024,36.7,64.9,49.6,10.4,1024.1,Rainy
11/11/2024,33.9,75.4,6.6,21.5,1000.3,Sunny
11/12/2024,28.2,69,13.7,17.1,1016.7,Sunny
11/13/2024,23.5,80.2,19.7,5.1,996.2,Rainy
11/14/2024,23.1,44.5,21.1,25.1,1007.2,Rainy
11/15/2024,25,43.3,20.6,24.3,1010.5,Rainy
11/16/2024,31,53.6,45.4,18.7,1012.4,Rainy
11/17/2024,34.3,48.8,35.7,6.7,1023.1,Rainy
11/18/2024,33.2,87.9,30.4,24.2,1015.2,Rainy
11/19/2024,25.6,52.1,15.5,19.6,1009.4,Rainy
11/20/2024,39.1,93.7,41.2,24.5,1019.3,Rainy
11/21/2024,34.8,58.5,47.8,23.8,1023.5,Rainy
11/22/2024,31.1,50,41.1,25.1,995.7,Rainy
11/23/2024,32.2,83.4,0.1,18,1024.5,Cloudy
11/24/2024,28.4,76.2,31.8,8.5,997.6,Rainy
11/25/2024,25,67.4,2.6,21.8,1019.4,Sunny
11/26/2024,27.1,70.5,12.9,20.5,1003.4,Sunny
11/27/2024,35.2,79.6,3,23.6,999,Hot
11/28/2024,20.3,52.6,30.2,9.2,1008.2,Rainy
11/29/2024,22.3,94.8,34.3,9.9,1014.3,Rainy
11/30/2024,20.9,93.6,5.7,27.3,1006.4,Cloudy
12/1/2024,20.8,75.8,19.2,23.7,996.6,Rainy
12/2/2024,37.1,51,22.8,27.7,1013,Rainy
12/3/2024,34.1,77.4,18.5,24,1022.1,Rainy
12/4/2024,29.5,44,6.1,19.9,1006.5,Sunny
12/5/2024,22,41.7,20.9,21.4,1001.5,Rainy
12/6/2024,29.8,54.2,37.6,27.2,1008.3,Rainy
12/7/2024,29.5,65.4,3.6,19.5,996.5,Sunny
12/8/2024,23.5,87.8,4,20.8,1019.6,Cloudy
12/9/2024,28.7,80,17.7,8.9,1019.8,Rainy
12/10/2024,28,80.8,47.1,16.8,1012.6,Rainy
12/11/2024,32.3,63.4,33.4,22.9,1005.6,Rainy
12/12/2024,32.7,59,33.9,11.8,1019,Rainy
12/13/2024,20.9,60.4,18.1,10.1,1011.6,Rainy
12/14/2024,27.5,94.3,29.7,12.8,1019.8,Rainy
12/15/2024,32.5,42.2,0.5,11,1013.9,Sunny
12/16/2024,30.1,87.7,31.8,10.4,1018.5,Rainy
12/17/2024,37.1,71.8,45.7,15.6,1013,Rainy
12/18/2024,33.2,64.1,30.6,27.7,1007.4,Rainy
12/19/2024,23.3,79.9,43.7,17.7,1023.7,Rainy
12/20/2024,21.4,66.8,36.2,9.7,1011.2,Rainy
12/21/2024,32.8,88,6,6.9,1013.2,Cloudy
12/22/2024,20.5,89.5,45.1,22.4,1001.6,Rainy
12/23/2024,31.7,63.2,3.3,14.6,1013.8,Sunny
12/24/2024,38.8,55.2,26.7,25.5,1012.1,Rainy
12/25/2024,31.5,72.6,7.1,21.5,1000.5,Sunny
12/26/2024,27.8,90.2,0.6,24.9,996.8,Cloudy
12/27/2024,32.9,51.6,21.1,11.8,1013.1,Rainy
12/28/2024,29.2,74.3,14.8,22.3,1017.9,Sunny
12/29/2024,30.9,74.7,24.3,11.6,1010.7,Rainy
12/30/2024,38.8,80.3,28.9,28.5,1001.8,Rainy
12/31/2024,27.7,47.2,2.2,20.9,1015,Sunny
1/1/2025,39.2,79.4,6.2,13.1,997.4,Hot
1/2/2025,38.1,90,27.9,11.7,1008.3,Rainy
1/3/2025,23.9,49.9,17.2,9.8,999.9,Rainy
1/4/2025,21.4,53.1,36.5,22.4,1000.5,Rainy
1/5/2025,22,93.4,32.6,10.5,1001.1,Rainy
1/6/2025,20.4,50,42.3,19.9,1006.6,Rainy
1/7/2025,21.9,87,34.6,11.6,996.5,Rainy
1/8/2025,33.7,67.1,21.5,21.5,1006.9,Rainy
1/9/2025,21.4,53.6,33.6,25.4,1010.4,Rainy
1/10/2025,26.4,87.9,13.8,24.5,1009.5,Cloudy
1/11/2025,36.9,64.5,15.3,24,1006.5,Rainy
1/12/2025,20.5,68.3,39.4,9.7,1020.2,Rainy
1/13/2025,36.3,59.8,22.3,7.2,999.4,Rainy
1/14/2025,25.6,72.6,39.9,22.5,1010.2,Rainy
1/15/2025,22.4,49,41.1,14.2,996.9,Rainy
1/16/2025,33.9,61.5,42.9,15.8,997.1,Rainy
1/17/2025,32.6,93.3,45.8,5.8,1012.2,Rainy
1/18/2025,37.5,54.2,21.5,11.5,1012,Rainy
1/19/2025,34.7,76.1,15.9,5.8,1021.3,Rainy
1/20/2025,36.1,57.9,29.1,27,1011.7,Rainy
1/21/2025,25.6,82.5,18.6,11.1,1023.8,Rainy
1/22/2025,23.5,47.2,30.1,18.9,996.5,Rainy
1/23/2025,35,93.3,35.3,6,997.9,Rainy
1/24/2025,36.1,65,34.4,21.7,996.3,Rainy
1/25/2025,39.8,53,18.7,13.1,1000.6,Rainy
1/26/2025,28.3,44,8.3,27.4,1011.2,Sunny
1/27/2025,27.4,49.3,21.5,27.2,1014.4,Rainy
1/28/2025,35.5,68.6,7.1,13.1,996.4,Hot
1/29/2025,26.8,58.5,44.5,27.5,1023.4,Rainy
1/30/2025,38.6,85.6,17.3,29.9,1020.3,Rainy
1/31/2025,37.2,63.7,7.7,25.6,1003.9,Hot
2/1/2025,28.6,53.7,1.3,26.1,997.3,Sunny
2/2/2025,35,73.9,32.3,11.2,1000.1,Rainy
2/3/2025,35.1,78.9,31.8,19.4,998.8,Rainy
2/4/2025,22.1,49.2,17,6.7,998.7,Rainy
2/5/2025,38.1,49.2,3.6,7.4,1010.6,Hot
2/6/2025,30.1,42,20.5,30,1002.4,Rainy
2/7/2025,36.5,80.5,15.6,13.2,1005.7,Rainy
2/8/2025,26.4,76.5,33.9,23.7,1024.7,Rainy
2/9/2025,37.9,66.1,30.3,25.2,1015.5,Rainy
2/10/2025,27.8,86.4,18.2,26.5,1023.5,Rainy
2/11/2025,20.2,84.3,10.9,29.9,999.3,Cloudy
2/12/2025,38.1,72.2,49.4,11,1006.5,Rainy
2/13/2025,21.8,87.8,22.7,6,1011.6,Rainy
2/14/2025,26.4,51.3,34.4,15.3,997.3,Rainy
2/15/2025,39,46.2,7,8.3,995.1,Hot
2/16/2025,39,54.8,24.3,5.6,1015.1,Rainy
2/17/2025,31.5,43.1,1.4,14,1014.3,Sunny
2/18/2025,32.6,69.2,25.3,24.6,1007.3,Rainy
2/19/2025,29,91.5,48.2,19.2,1009.7,Rainy
2/20/2025,25.9,42.2,19.2,12.8,1007.5,Rainy
2/21/2025,26.6,46.7,1.9,21.4,995.7,Sunny
2/22/2025,33.5,64.9,1.5,10.8,1005.1,Sunny
2/23/2025,35,91.4,19.4,5.4,1000.3,Rainy
2/24/2025,35.8,57.4,8,24.1,998,Hot
2/25/2025,35.8,67.9,1.2,20.6,1023.7,Hot
2/26/2025,21.8,42.3,37.8,24.1,1013,Rainy
2/27/2025,29.9,48.2,22.9,6,1016.9,Rainy
2/28/2025,21.2,94.3,14.5,25.9,1004.5,Cloudy
3/1/2025,31,93.1,45,20.5,1006.8,Rainy
3/2/2025,28.8,40.3,5.8,19.1,1002.1,Sunny
3/3/2025,37.8,92.3,47.8,20.6,997.9,Rainy
3/4/2025,27,75.2,15.7,26.6,1000.4,Rainy
3/5/2025,22.3,87.7,44.4,19.7,1018.9,Rainy
3/6/2025,22.9,65,30.1,19.5,1015.3,Rainy
3/7/2025,35.2,68.4,41.3,29.8,1011.4,Rainy
3/8/2025,32.4,66.9,49.2,23.9,1009.3,Rainy
3/9/2025,22,76.7,14.4,16.1,1022.7,Sunny
3/10/2025,21.7,47.7,48.1,22.7,997.2,Rainy
3/11/2025,34,41.6,19.5,14.7,1003.4,Rainy
3/12/2025,21.5,56.9,19.3,10.7,1005.5,Rainy
3/13/2025,36.4,78.8,17,19.9,1018.5,Rainy
3/14/2025,34.1,51.1,27.1,28.2,1024.8,Rainy
3/15/2025,21.6,77,7.7,28.2,1002.2,Sunny
3/16/2025,21.7,93.3,27.7,13.5,1021.2,Rainy
3/17/2025,39.7,45.2,27.1,18.2,1019.9,Rainy
3/18/2025,27.5,77,38.1,10.3,1001.7,Rainy
3/19/2025,27.4,64.4,41.7,29.9,1007,Rainy
3/20/2025,36.3,87.7,22,29.5,1007.3,Rainy
3/21/2025,38.9,49.7,15.1,21.2,1024.3,Rainy
3/22/2025,39.7,78.1,13,25.1,1000.4,Hot
3/23/2025,35.1,86.1,9.7,22.9,1019,Hot
3/24/2025,27.5,92,2.9,19.8,1005,Cloudy
3/25/2025,21.7,77.6,17.1,6.3,1016.9,Rainy
3/26/2025,35.5,67.3,13.5,16.4,1007.6,Hot
3/27/2025,31.2,74,48.3,21.9,1012.4,Rainy
3/28/2025,28.5,87.8,27.9,21.9,1020,Rainy
3/29/2025,38.1,71.4,17.4,14.3,1019.1,Rainy
3/30/2025,22.2,41.7,29,28.5,1021,Rainy
3/31/2025,29.9,91.2,7,9.2,996.8,Cloudy
4/1/2025,20.2,77.9,22.2,17.5,1015.8,Rainy
4/2/2025,29.4,77.2,31.3,22.3,999.2,Rainy
4/3/2025,21.1,51.9,24.4,22.4,1007.5,Rainy
4/4/2025,22.4,76.2,20.1,21.2,1011.5,Rainy
4/5/2025,22.4,61.7,49.7,11.9,1007.1,Rainy
4/6/2025,33,75.8,44,8.9,1010.6,Rainy
4/7/2025,34.9,45.9,31.2,20.9,1024.9,Rainy
4/8/2025,31.7,76.2,28.5,20,999.1,Rainy
4/9/2025,39.2,95,31,9.5,1015.3,Rainy
4/10/2025,27.5,42.7,10.1,22.6,1006.9,Sunny
4/11/2025,25.7,93.7,19.8,16.4,999,Rainy
4/12/2025,37.4,62.4,2,21.7,999.8,Hot
4/13/2025,24.5,87.9,23.8,25.9,1023.5,Rainy
4/14/2025,39.3,83,27.2,9.2,1021.4,Rainy
4/15/2025,20.2,71.2,11.4,5.5,1022.2,Sunny
4/16/2025,39.4,80.6,48.2,24.5,1024.7,Rainy
4/17/2025,20.9,88.3,45.5,20.2,1001.2,Rainy
4/18/2025,37.8,62.2,36.1,22.5,1005.7,Rainy
4/19/2025,30.6,58,26.7,26,1015.1,Rainy
4/20/2025,39.9,76.7,43.5,25.1,1009.5,Rainy
4/21/2025,21.5,84.4,6.5,29,1007.6,Cloudy
4/22/2025,31.1,81.9,39.5,18.4,1005.7,Rainy
4/23/2025,39.4,83.9,6.2,17.2,1012.8,Hot
4/24/2025,30.5,64,39.7,15,1012.3,Rainy
4/25/2025,32.6,85,13.8,8.8,999.8,Cloudy
4/26/2025,33.9,46.6,43.9,19.3,1009.2,Rainy
4/27/2025,29.1,69.9,47.2,11.9,1011.6,Rainy
4/28/2025,32.6,40.3,7.4,28,1012.1,Sunny
4/29/2025,31.7,57.9,23.1,19.6,1001.3,Rainy
4/30/2025,38,60.2,49,19.8,1017.3,Rainy
5/1/2025,20.9,61.8,24.2,13.9,995.8,Rainy
5/2/2025,25.6,78.3,43.2,6.3,1005.6,Rainy
5/3/2025,39,61.4,29.4,5.8,1018.4,Rainy
5/4/2025,37.8,64.7,18.8,15.6,1011.9,Rainy
5/5/2025,29.1,53.1,14.3,7.1,1002.8,Sunny
5/6/2025,32.4,60.5,10.2,20.2,1015.8,Sunny
5/7/2025,25.5,52.5,38.1,27,1012,Rainy
5/8/2025,23.8,44,19.3,27.1,1018.9,Rainy
5/9/2025,29.3,73.2,25.6,21.5,1017.1,Rainy
5/10/2025,27.1,76.8,24.6,10.3,1013.3,Rainy
5/11/2025,31.7,74.1,28.9,26.6,1009.6,Rainy
5/12/2025,21.6,65.5,43.3,27.2,999,Rainy
5/13/2025,39.5,60.9,49,9.9,1002.8,Rainy
5/14/2025,39.7,87.5,20.4,23.4,1007.6,Rainy
5/15/2025,34,68.5,41.4,12.2,1013,Rainy
5/16/2025,30.7,66.4,38.2,25.1,1010.4,Rainy
5/17/2025,26.2,41.4,28.7,29.9,1003.6,Rainy
5/18/2025,36.3,58.8,47.8,5.8,995.2,Rainy
5/19/2025,33.7,60.9,10,27.4,1009.9,Sunny
5/20/2025,23.3,61.9,5.5,20.6,1003.6,Sunny
5/21/2025,38.2,71.9,42.7,29.3,1017,Rainy
5/22/2025,36.5,69.3,22,16.6,995.7,Rainy
5/23/2025,39,73.4,42.3,26.2,1012.5,Rainy
5/24/2025,34.5,82.1,44.7,6.6,1023.2,Rainy
5/25/2025,32.3,84.7,3.1,13.4,1000.2,Cloudy
5/26/2025,28.4,79.5,44.2,6.7,1009.1,Rainy
5/27/2025,38.7,92.6,22.4,29.4,997.7,Rainy
5/28/2025,37.3,41,25.5,25.4,1013.8,Rainy
5/29/2025,20.9,50.8,31.3,26.3,1011.5,Rainy
5/30/2025,20.5,40.4,46.3,28.4,1007.2,Rainy
5/31/2025,27.5,75.6,1,7.1,1010.6,Sunny
6/1/2025,36.2,89.4,23.8,14.6,1021.9,Rainy
6/2/2025,39.7,53.4,34.4,6.8,1000.9,Rainy
6/3/2025,23,91,36.1,10.3,995.7,Rainy
6/4/2025,31.9,43.3,34.6,10.7,1020.8,Rainy
6/5/2025,27.6,91.4,6.7,16.7,1012.3,Cloudy
6/6/2025,39.4,59.3,15,11.7,1021.7,Hot
6/7/2025,36.8,45.6,17.9,7.5,1012.9,Rainy
6/8/2025,36.8,66.7,40.2,9.2,1019.3,Rainy
6/9/2025,29.4,54.1,13.9,8.7,1007.9,Sunny
6/10/2025,28.3,55.7,10.5,29.3,1017.5,Sunny
6/11/2025,25.5,56.9,47.9,24,1022.4,Rainy
6/12/2025,21.1,84.2,0.4,29.2,1012.2,Cloudy
6/13/2025,37.3,69.7,49.9,16,1000.4,Rainy
6/14/2025,36.3,57.1,33.8,12,1003.1,Rainy
6/15/2025,40,73.6,41.4,25,1001,Rainy
6/16/2025,39.9,79.4,14.7,13.2,1002.4,Hot
6/17/2025,31.1,55,0.7,12.5,1004.2,Sunny
6/18/2025,35.4,62.7,36.9,10.8,1011.7,Rainy
6/19/2025,38.9,46.7,41.7,8.2,1012.6,Rainy
6/20/2025,37,50,37,11.4,1007.8,Rainy
6/21/2025,24.9,77.5,7.1,13.9,1013.5,Sunny
6/22/2025,29,50,37.7,21.8,997.4,Rainy
6/23/2025,22.6,68.9,38.4,6.6,997.6,Rainy
6/24/2025,39.1,79,32.9,10.3,1000.2,Rainy
6/25/2025,32.1,45.9,38.3,25.2,1010.5,Rainy
6/26/2025,24.6,71.2,42.3,8.7,1001.4,Rainy
6/27/2025,33.4,54.1,30.7,13.6,1003.5,Rainy
6/28/2025,32.4,93,4.4,26.6,1007,Cloudy
6/29/2025,27.2,66.6,24.4,8.9,1019.4,Rainy
6/30/2025,22.3,84.3,3.9,7.1,995.4,Cloudy
7/1/2025,33.4,70.3,20.4,17.1,1014.5,Rainy
7/2/2025,30.4,42.4,20.4,12.6,1015.1,Rainy
7/3/2025,35.4,74.8,3.3,19.1,1019,Hot
7/4/2025,30.4,92.3,17.4,25.1,1023,Rainy
7/5/2025,37,73.1,5.5,8.4,995.6,Hot
7/6/2025,31,85.1,40.4,19.5,999.6,Rainy
7/7/2025,31.2,88.6,47.4,17.6,1021.6,Rainy
7/8/2025,37.5,52.5,3.6,8.6,1008.8,Hot
7/9/2025,28.1,51.7,47.8,20.6,1011.9,Rainy
7/10/2025,22.7,73.6,26.1,11.8,1014.9,Rainy
7/11/2025,20.6,62.6,15,17.2,1015.4,Sunny
7/12/2025,35.1,86.2,3.8,7.1,1023,Hot
7/13/2025,32.4,89.5,25,16.5,1024.9,Rainy
7/14/2025,34.1,59.4,39.7,12.7,1016.6,Rainy
7/15/2025,24.3,53,35.4,25.6,1003.6,Rainy
7/16/2025,22.7,82.9,2.5,6.4,1021.4,Cloudy
7/17/2025,20.3,55.1,3.6,15.5,996.5,Sunny
7/18/2025,27,85.2,20.1,16.5,1001.9,Rainy
7/19/2025,31.8,63.3,14.8,23.1,1021.9,Sunny
7/20/2025,27.8,76.7,11.6,19.4,1002.7,Sunny
7/21/2025,28.7,45.3,14.1,21.7,1001.6,Sunny
7/22/2025,38.1,74.3,40.2,24.4,999.1,Rainy
7/23/2025,27,64.8,46.5,26.6,1020.8,Rainy
7/24/2025,30.3,72.3,20.3,12.8,1010,Rainy
7/25/2025,35.7,49.2,45.3,18.5,1015.2,Rainy
7/26/2025,27.9,80.5,16.1,26,1002.2,Rainy
7/27/2025,32.4,87.5,23.8,29.7,1017.7,Rainy
7/28/2025,37.2,51.9,11.3,27.2,1017.8,Hot
7/29/2025,39,45.3,32,14.3,1004.4,Rainy
7/30/2025,22.9,41.3,48.9,9.9,1007.3,Rainy
7/31/2025,38.5,75.3,30.2,17.2,1001.3,Rainy
8/1/2025,29.8,73.4,17.9,23.5,1024.3,Rainy
8/2/2025,25.2,70.1,32.4,17.3,1014.4,Rainy
8/3/2025,29.2,52.8,6.1,17.1,1023,Sunny
8/4/2025,39.6,61.5,44.4,26,1004.1,Rainy
8/5/2025,29.9,72.7,25.2,14,1018.5,Rainy
8/6/2025,26.6,67.3,22.5,26.5,1018,Rainy
8/7/2025,32.7,94.3,29.3,15.2,1015.7,Rainy
8/8/2025,24.8,47.5,31.2,13.2,1024,Rainy
8/9/2025,21.5,78.2,3.6,16.3,1006.8,Sunny
8/10/2025,22.6,62.2,34.1,24.1,998.9,Rainy
8/11/2025,22.6,63.6,12.1,8.2,1015.2,Sunny
8/12/2025,23,79.5,35.7,9.9,1016.9,Rainy
8/13/2025,22.8,78.1,41.1,28.8,1012.3,Rainy
8/14/2025,32.8,94.5,40.2,9.4,1001.2,Rainy
8/15/2025,23.6,47.1,27.6,19.2,1010.1,Rainy
8/16/2025,26.9,45.7,26,19.5,1004.4,Rainy
8/17/2025,37.9,79.8,7.1,17.2,1007.8,Hot
8/18/2025,29.5,71.8,38.8,21.1,1014.4,Rainy
8/19/2025,33.4,55.1,13.6,10.7,1017.4,Sunny
8/20/2025,23.4,44.4,24.8,18.8,1002,Rainy
8/21/2025,23.8,44.7,14.2,14.3,1007.2,Sunny
8/22/2025,20.8,89.2,6.7,21.5,1003.1,Cloudy
8/23/2025,23.4,50.6,31.5,8.5,1001,Rainy
8/24/2025,25.6,57.8,2.7,19.3,1018.5,Sunny
8/25/2025,23.5,52.5,37.4,9.6,1022.3,Rainy
8/26/2025,21.8,59.5,15.9,12,1006.1,Rainy
8/27/2025,22.4,43.8,0,10.5,1017.5,Sunny
8/28/2025,29.2,68.5,25.6,9.6,1021.9,Rainy
8/29/2025,24.1,43.7,2.3,25.6,1020.4,Sunny
8/30/2025,27.3,84,13.8,12.1,1000.5,Cloudy
8/31/2025,30.1,52.9,35.3,28.2,1023.7,Rainy
9/1/2025,33.8,69.7,3.1,29.2,1006.3,Sunny
9/2/2025,20.8,88.4,42,19.3,1005.2,Rainy
9/3/2025,36,75.8,0.2,8.6,996.9,Hot
9/4/2025,32.6,69.3,12.3,14.4,1009.6,Sunny
9/5/2025,21.6,57.8,37,24.9,998.3,Rainy
9/6/2025,37.5,58.3,15.8,14.2,1002.5,Rainy
9/7/2025,38.4,76.8,5.1,7.2,1004.5,Hot
9/8/2025,21.2,94.7,18,18.9,1019.3,Rainy
9/9/2025,25.5,76.4,13.5,26.1,1021.3,Sunny
9/10/2025,36.1,70.7,42.1,24.9,1004.1,Rainy
9/11/2025,35,80.2,15.7,9.4,1020.8,Rainy
9/12/2025,23.7,65.6,39.4,21.8,1020.7,Rainy
9/13/2025,24.2,43.3,44.6,10.5,1017.9,Rainy
9/14/2025,27.4,70.9,21.7,10.5,999.4,Rainy
9/15/2025,29.7,92.7,45.5,26.9,1015.7,Rainy
9/16/2025,32.4,49.6,18.9,11.2,1023.4,Rainy
9/17/2025,27.4,78,48.2,11.6,1015.5,Rainy
9/18/2025,29.3,51.1,4.5,5,1004.9,Sunny
9/19/2025,34.9,69.5,34.4,26.8,1010,Rainy
9/20/2025,20.7,45.3,24.7,24.8,1014.4,Rainy
9/21/2025,25,64.8,19.4,20.7,1010.3,Rainy
9/22/2025,34.3,81.6,31.6,23.8,998.6,Rainy
9/23/2025,37.9,59.1,35.2,8.8,1004.4,Rainy
9/24/2025,30.2,76.6,0.2,16.5,1019.1,Sunny
9/25/2025,30.6,83.7,8.3,13.8,1020.8,Cloudy
9/26/2025,22.1,91,35.7,7.3,999.1,Rainy
9/27/2025,28.9,52.9,33.3,17.2,1023.6,Rainy
9/28/2025,30.7,62,48.3,28,1004.9,Rainy
9/29/2025,24.8,48.4,38.1,6,1014.9,Rainy
9/30/2025,25.4,94.6,47.5,12.3,1017.6,Rainy
10/1/2025,27.5,91,35.1,10.2,1019.4,Rainy
10/2/2025,20.4,69.7,14.9,11,1023.4,Sunny
10/3/2025,26.4,86.3,5.3,27.7,1004.4,Cloudy
10/4/2025,24.2,68.7,39.1,16.7,1020.8,Rainy
10/5/2025,26.5,74.3,32.2,16.7,999,Rainy
10/6/2025,22.4,44.9,2.4,24,1016.2,Sunny
10/7/2025,37.8,81.5,18,8.9,1017.3,Rainy
10/8/2025,31.9,47,47.8,17.2,1015.3,Rainy
10/9/2025,33.6,85.4,25,15.7,1002.6,Rainy
10/10/2025,35.8,83,21.6,19.9,1021.2,Rainy
10/11/2025,30,79,22.9,30,1000.1,Rainy
10/12/2025,21.7,42,10.4,24.2,996.6,Sunny
10/13/2025,30.7,56.7,18.4,14.9,1016.5,Rainy
10/14/2025,31.7,54.5,18.5,25.7,1009.3,Rainy
10/15/2025,34.9,59.8,2.6,9.3,1020.5,Sunny
10/16/2025,28.6,44.8,38.4,5.8,1006.5,Rainy
10/17/2025,22.6,91.5,20.8,10.1,1000,Rainy
10/18/2025,25.7,70.5,41.1,13.5,1020.1,Rainy
10/19/2025,27.3,56.8,42.5,17.8,1011.5,Rainy
10/20/2025,32.9,61.8,10.6,20.4,1000.7,Sunny
10/21/2025,31.4,64.6,32.9,27.8,1016.6,Rainy
10/22/2025,27.1,73,23.6,17.7,1010.3,Rainy
10/23/2025,39.7,68.4,44,17.5,1013.1,Rainy
10/24/2025,32.1,90.6,10.8,6.3,1008.8,Cloudy
10/25/2025,24.7,67.3,33.9,5.9,1019.9,Rainy
10/26/2025,22,94.6,30.4,18.8,1019.9,Rainy
10/27/2025,23.1,86.8,14.8,16,1016.3,Cloudy
10/28/2025,24.9,51.5,6.8,26,998.2,Sunny
10/29/2025,23.2,91.2,32.6,9,1020.2,Rainy
10/30/2025,23.7,46.4,36.9,5.6,1015.1,Rainy
10/31/2025,25.7,85,15.8,16.2,1015.9,Rainy
11/1/2025,23.5,60.9,32.2,10.9,1005.9,Rainy
11/2/2025,37.9,88.3,19.8,6.2,1021.4,Rainy
11/3/2025,21.6,87.7,35.7,23.1,1016.8,Rainy
11/4/2025,30.5,84.3,10,7.8,998.4,Cloudy
11/5/2025,28.2,83.5,44.5,20.2,1007.2,Rainy
11/6/2025,39.6,56.8,14.4,12,1021.6,Hot
11/7/2025,22.2,44.5,18.4,9.3,996.4,Rainy
11/8/2025,28,62.2,2.9,14.5,1023.8,Sunny
11/9/2025,39.4,49.5,5.6,25,1015.4,Hot
11/10/2025,37.3,78.2,25.8,14.8,1013.9,Rainy
11/11/2025,36.3,59,13.4,23.8,1003.1,Hot
11/12/2025,25.2,93.7,41.8,8.1,1002.5,Rainy
11/13/2025,23.4,75.3,0.7,24.3,1023.3,Sunny
11/14/2025,33.4,85.2,19,10.9,1003.9,Rainy
11/15/2025,38.6,47.3,16.9,21.9,1018.3,Rainy
11/16/2025,31.1,87.4,1,19.1,1006.8,Cloudy
11/17/2025,31.4,90.8,6.2,28.2,999.2,Cloudy
11/18/2025,25.6,66.8,20.7,14.7,995.3,Rainy
11/19/2025,35.4,73.3,24.6,6.7,1011.3,Rainy
11/20/2025,23.7,82.1,20.2,5.5,1024.3,Rainy
11/21/2025,26.5,49.6,26.5,25.7,1006.1,Rainy
11/22/2025,28.5,67.6,29.8,18.1,1005.7,Rainy
11/23/2025,30.2,61.9,0.5,24.4,1005.3,Sunny
11/24/2025,24.8,48.1,23.2,10.9,1010.6,Rainy
11/25/2025,22.3,60.2,48.2,13.6,1008.2,Rainy
11/26/2025,32.2,43.7,26,5.8,1021.4,Rainy
11/27/2025,25.8,41.4,33.9,29,1010.2,Rainy
11/28/2025,31.6,47.4,15.6,21.7,1010.2,Rainy
11/29/2025,23.1,93,38.7,28.3,999.2,Rainy
11/30/2025,29.6,70.2,38.6,11.6,1024.5,Rainy
12/1/2025,30.7,93.1,26.1,20.3,1002.5,Rainy
12/2/2025,21,63.8,48.8,22,997.2,Rainy
12/3/2025,26.7,57.1,6.3,12.9,1014.9,Sunny
12/4/2025,22.7,67.8,0.8,26.2,1012.9,Sunny
12/5/2025,21.3,64.2,38.5,28.7,1007.5,Rainy
12/6/2025,39.8,45.8,40.4,27.1,1007.7,Rainy
12/7/2025,26.4,75.2,6,23.5,1018.6,Sunny
12/8/2025,36.2,51.9,13.3,11.9,1000.9,Hot
12/9/2025,25.1,74.1,0.9,12,1019.6,Sunny
12/10/2025,33.6,75.8,14.7,29.1,1014.5,Sunny
12/11/2025,35.2,48.4,38.7,5.3,1007.6,Rainy
12/12/2025,31.9,43.4,25.9,22.9,1008.7,Rainy
12/13/2025,29.4,82.9,17.4,22.7,1002.7,Rainy
12/14/2025,28.2,65.3,18.6,20.6,1017.6,Rainy
12/15/2025,27,43.2,0.1,29.8,1010.4,Sunny
12/16/2025,38.6,94.7,15,12.8,1004.6,Hot
12/17/2025,36.6,43.2,32.3,13.5,1012.9,Rainy
12/18/2025,39.3,78.2,48.7,7,1024.9,Rainy
12/19/2025,22.5,94.1,42.4,16.1,1008.1,Rainy
12/20/2025,34.6,53.2,1.2,11.5,1022.6,Sunny
12/21/2025,38.8,47.8,44.9,13.6,1005.4,Rainy
12/22/2025,23.6,46.7,39.2,25.9,996.6,Rainy
12/23/2025,21.3,56.7,39,28.4,1001.1,Rainy
12/24/2025,34.8,45.6,22.9,9.6,1007.6,Rainy
12/25/2025,31.5,78.1,19.9,14.3,1001.6,Rainy
12/26/2025,36.8,43.4,15.1,28.2,995,Rainy
12/27/2025,22.8,68,3.3,6.5,1022.5,Sunny
12/28/2025,35.9,94.8,11.4,7.3,1020.3,Hot
12/29/2025,24,84.8,12.3,9.1,1017.3,Cloudy
12/30/2025,23.3,73.8,24.2,19.9,1000,Rainy
12/31/2025,23.3,56.8,37.4,8.8,998.6,Rainy
1/1/2026,36.3,74.3,23.7,29.2,997,Rainy
1/2/2026,33.3,69,2.9,16.2,1016.7,Sunny
1/3/2026,30.5,63.4,47.9,17.5,1022.9,Rainy
1/4/2026,27.2,47.2,47.1,11.2,1007.9,Rainy
1/5/2026,37.5,88.8,39.3,16.8,998.6,Rainy
1/6/2026,27.8,64.7,49.6,21.5,1010.4,Rainy
1/7/2026,36.3,50.7,27.2,23.8,1005.5,Rainy
1/8/2026,28.8,60.2,48.1,23.8,1006.2,Rainy
1/9/2026,27.5,62.8,3.8,19.4,1013.6,Sunny
1/10/2026,29.3,85.5,18.3,27.6,1016.6,Rainy
1/11/2026,26,80.3,11.3,25.4,998.3,Cloudy
1/12/2026,35,82.3,9.8,23.9,996.1,Cloudy
1/13/2026,30.1,40.6,7,6.4,1024.8,Sunny
1/14/2026,24.6,62.9,31.1,5.2,1002,Rainy
1/15/2026,38,66.5,39.1,10.3,996.6,Rainy
1/16/2026,27.7,41.1,28.9,21.6,1000.7,Rainy
1/17/2026,30.9,54.3,7.3,15.3,996.2,Sunny
1/18/2026,38.1,81.8,40.6,15.1,1006.8,Rainy
1/19/2026,32.5,47.5,31.8,27.1,1019.1,Rainy
1/20/2026,22.3,69.4,19.4,27.4,1005.2,Rainy
1/21/2026,38.8,51.8,33.7,27.7,1008.3,Rainy
1/22/2026,32.6,40.7,13,12.8,1015.3,Sunny
1/23/2026,26.7,53.3,17.3,22.3,1010.3,Rainy
1/24/2026,22.8,93.7,45.9,11.8,1020.8,Rainy
1/25/2026,35.9,84.1,14.5,9.8,1021,Hot
1/26/2026,32.4,92.8,23.5,9.6,995.3,Rainy
1/27/2026,30.7,66.8,44.5,13.6,1018.3,Rainy
1/28/2026,37.9,46,35.4,15.7,1008.8,Rainy
1/29/2026,35.8,70.1,3.1,25.8,1024.7,Hot
1/30/2026,23,65,7.4,8,1009.5,Sunny
1/31/2026,26.2,86.4,0.4,23.4,1024.6,Cloudy
2/1/2026,25,45.4,31.5,18.3,1017.6,Rainy
2/2/2026,34.9,66.9,22.4,12.2,1002.5,Rainy
2/3/2026,20.7,48.3,6.7,17.3,1011.2,Sunny
2/4/2026,31.4,57.9,47.9,12.5,1024.8,Rainy
2/5/2026,35.2,80.6,26.5,19.9,1020.7,Rainy
2/6/2026,37.5,66.2,12.1,15.8,997.9,Hot
2/7/2026,26.8,60.7,25,9.1,1016.2,Rainy
2/8/2026,36.4,61.7,34,7.9,1005.4,Rainy
2/9/2026,22.2,65.3,3.8,18.7,995.2,Sunny
2/10/2026,36.9,83.2,13.7,27.6,1007.1,Hot
2/11/2026,22.5,89.1,40.3,13.6,1002,Rainy
2/12/2026,27.9,92.5,23,23.3,1019.6,Rainy
2/13/2026,35.9,83.3,27.3,21.5,1005.1,Rainy
2/14/2026,23,57.3,21.6,28.3,1019.8,Rainy
2/15/2026,24.6,77.8,2.2,25.5,995,Sunny
2/16/2026,34.4,64.1,8.3,19.2,1004.2,Sunny
2/17/2026,34.4,54,22.3,21.4,1002.2,Rainy
2/18/2026,32.8,86.2,10.5,27.5,1002,Cloudy
2/19/2026,33.9,42.1,2.5,15,997,Sunny
2/20/2026,30.9,89.6,42.2,13.2,1000.6,Rainy
2/21/2026,25,65.4,49.1,5.3,1011.7,Rainy
2/22/2026,26.9,75,39.7,25.7,1003.7,Rainy
2/23/2026,23.6,76.3,42.7,25,1007.5,Rainy
2/24/2026,38.2,89.2,12.1,7.6,1006.3,Hot
2/25/2026,31.7,75,48,19.4,1021.3,Rainy
2/26/2026,28,73.8,9.8,16.6,1022.2,Sunny
2/27/2026,29.2,43.7,47.6,8,1009.8,Rainy
2/28/2026,38.9,68.5,49.7,29.5,1004.9,Rainy
3/1/2026,23.1,48.3,35.6,10.4,998.2,Rainy
3/2/2026,31.7,80.6,49.1,6.7,1023.6,Rainy
3/3/2026,30.1,68.2,28.5,19.9,996.8,Rainy
3/4/2026,32.2,77.4,13,23.5,1003.9,Sunny
3/5/2026,20.4,42.3,21.8,5.8,1003.9,Rainy
3/6/2026,37.4,44.7,29.7,21.5,1004.6,Rainy
3/7/2026,38.6,79.4,3.7,18.3,999.9,Hot
3/8/2026,31.3,44,31.1,7.6,1018.5,Rainy
3/9/2026,33.9,43.9,49.1,9.3,998.7,Rainy
3/10/2026,38.4,40.7,9.5,19.2,1014,Hot
3/11/2026,34.1,92.6,39.6,12.4,998.7,Rainy
3/12/2026,23.1,80.6,45.4,28.5,997.1,Rainy
3/13/2026,31.5,59.4,47.2,25.5,1022.3,Rainy
3/14/2026,32.1,56.3,48,29.6,1000.7,Rainy
3/15/2026,28.5,59.2,26.1,11.5,1019.6,Rainy
3/16/2026,34.7,82.6,48.9,29.2,1011.3,Rainy
3/17/2026,38.7,76.4,37.9,15.8,997.3,Rainy
3/18/2026,38.5,50.2,8.1,13.7,1023.7,Hot
3/19/2026,29,49.6,23.8,6.3,1002.4,Rainy
3/20/2026,22.3,45.4,35.9,6.3,1020.8,Rainy
3/21/2026,39.7,76.3,12.4,22.3,1000.1,Hot
3/22/2026,36.8,82,32,16.4,1020.6,Rainy
3/23/2026,22.5,54.6,33.3,10.7,995.4,Rainy
3/24/2026,38.4,41.2,8.1,20.3,1010.4,Hot
3/25/2026,37.4,44.5,28.3,11.3,1018.1,Rainy
3/26/2026,30.4,93.2,38.6,19.4,1023,Rainy
3/27/2026,31.8,56.2,24.9,14,1022.3,Rainy
3/28/2026,28,82.3,0.6,25.6,1019.6,Cloudy
3/29/2026,21.1,74.4,0.5,25.5,1021.6,Sunny
3/30/2026,26.7,61,17.9,16.9,1001,Rainy
3/31/2026,36.1,51.3,46.3,13.8,1003.5,Rainy
4/1/2026,20.1,46.7,11.4,14.1,1003.7,Sunny
4/2/2026,26.7,73.8,31.7,25.1,1006.3,Rainy
4/3/2026,28,82.6,11.1,13.2,1006.8,Cloudy
4/4/2026,30.7,75.4,16.1,10.2,1011.3,Rainy
4/5/2026,38.4,69.2,42.4,7.1,999.8,Rainy
4/6/2026,26.9,42.3,36.4,16.7,1015.7,Rainy
4/7/2026,26.9,93.3,4.8,17.1,1000,Cloudy
4/8/2026,34.8,83.9,21.4,26,1004.3,Rainy
4/9/2026,29,56.1,1.5,10.5,1010.1,Sunny
4/10/2026,24.5,93.9,24,14.5,1018.9,Rainy
4/11/2026,29,73.1,33.1,25.2,1017.2,Rainy
4/12/2026,22.8,72,5.9,25.6,1014.4,Sunny
4/13/2026,23.5,81.1,14.4,14.6,999.7,Cloudy
4/14/2026,30,84.6,19.9,16.5,1011.4,Rainy
4/15/2026,28.4,76.1,46,12.6,997.6,Rainy
4/16/2026,38.3,47,49.7,28.3,1006.3,Rainy
4/17/2026,27.2,58.6,2.2,8,1007.4,Sunny
4/18/2026,31.6,91,38.1,28.3,996.2,Rainy
4/19/2026,32.6,52.4,18.6,22.1,1003.2,Rainy
4/20/2026,20.3,60.5,19.6,18.3,1023.7,Rainy
4/21/2026,33.3,63.8,37.7,5.8,1023.6,Rainy
4/22/2026,23.6,64.2,45.9,16.9,1005.6,Rainy
4/23/2026,39.2,73.7,47.5,15.2,996.3,Rainy
4/24/2026,23,91.9,28.9,9,1000.4,Rainy
4/25/2026,28.3,53.2,17.9,21.4,1006.8,Rainy
4/26/2026,21.7,46.7,39.4,29.3,1023.4,Rainy
4/27/2026,39.9,50.9,12.6,19.1,999.2,Hot
4/28/2026,30,88.8,28.2,22.9,1017.9,Rainy
4/29/2026,31.9,75.5,17.9,6.7,998.3,Rainy
4/30/2026,21.3,55.7,32.8,15.4,1024.4,Rainy
5/1/2026,35,84.9,12,7.9,1006.4,Cloudy
5/2/2026,24.2,87.4,9.6,20.3,1018.3,Cloudy
5/3/2026,38,86.6,45.9,28.5,1005.3,Rainy
5/4/2026,24.1,90.5,5.1,21.5,1013.8,Cloudy
5/5/2026,23.8,53.9,25.3,6.9,1000.8,Rainy
5/6/2026,20.7,81.5,11,13.9,999.4,Cloudy
5/7/2026,29.4,65.3,1.9,18.8,1023.1,Sunny
5/8/2026,31.3,86.3,1.8,15.1,1022.5,Cloudy
5/9/2026,21.3,80.1,8.8,25.8,1021.6,Cloudy
5/10/2026,35.5,82.7,43.3,25.4,1013.8,Rainy
5/11/2026,29.1,76.1,14.1,20.3,1019.2,Sunny
5/12/2026,30.5,49.8,47.5,14.3,997.1,Rainy
5/13/2026,28.8,70,29.1,11.4,1005,Rainy
5/14/2026,28,94.2,21.8,7.6,1004.4,Rainy
5/15/2026,31.2,91.6,29,13.9,1014.1,Rainy
5/16/2026,23.1,42.4,25.8,15.3,1005.7,Rainy
5/17/2026,23.6,49.1,37.9,21.9,999.5,Rainy
5/18/2026,37.2,47.2,14.1,21.5,1012.9,Hot
5/19/2026,38.9,79.9,17.7,6.8,1019.4,Rainy
5/20/2026,27.5,85,44.7,14.9,1006.5,Rainy
5/21/2026,25.4,51.7,47.3,9.5,999,Rainy
5/22/2026,32.9,67.8,44.6,8.9,1000.9,Rainy
5/23/2026,28.2,86.2,21,25.7,1002.1,Rainy
5/24/2026,20.5,80.3,39,6,1004,Rainy
5/25/2026,23.1,69.8,23.8,15.5,1014.3,Rainy
5/26/2026,34.3,72.5,24.9,9.2,1013,Rainy
5/27/2026,33.2,68,10.2,27,1015.9,Sunny
5/28/2026,20.5,56.4,29.6,18.9,1005.9,Rainy
5/29/2026,24.4,71.1,9.3,10.8,1019.7,Sunny
5/30/2026,24.6,77.9,16.6,17.6,1001.1,Rainy
5/31/2026,33.4,88,42.8,23.3,1009.1,Rainy
6/1/2026,20.4,75,10.4,29,1019,Sunny
6/2/2026,22.1,81.9,3.6,10.5,1000.4,Cloudy
6/3/2026,36,48.8,3.5,27.2,998.3,Hot
6/4/2026,23.6,65.4,47,28.4,1021.5,Rainy
6/5/2026,33.1,40.5,25.3,27.9,1005.3,Rainy
6/6/2026,24.8,53.6,20.5,20.9,1015.5,Rainy
6/7/2026,22,80,40.5,20.7,995.8,Rainy
6/8/2026,24.9,94.5,41.8,15.1,1015.7,Rainy
6/9/2026,34.4,45.5,16.6,23.8,1004.5,Rainy
6/10/2026,37.1,62.1,34.7,18.3,996.7,Rainy
6/11/2026,36.6,84,38.6,21.9,1013.3,Rainy
6/12/2026,27.9,51.2,32.7,15.7,1002.2,Rainy
6/13/2026,33.4,70.5,7.6,23.3,1006.6,Sunny
6/14/2026,24.1,80.3,43.8,25.6,997.4,Rainy
6/15/2026,25.9,73.9,27,8.7,999.4,Rainy
6/16/2026,37.9,50.3,14.1,25.8,1003.9,Hot
6/17/2026,20.3,59.5,21.3,18.5,997.7,Rainy
6/18/2026,21.7,83.1,1.9,26.1,1022.3,Cloudy
6/19/2026,24.2,70.5,6.4,15.8,995.2,Sunny
6/20/2026,20.5,40.3,38.3,14.5,1009.5,Rainy
6/21/2026,23.6,81.9,0,27.9,998.7,Cloudy
6/22/2026,31.7,41.9,20.8,11.3,1004.2,Rainy
6/23/2026,28.4,81,26.1,26.1,1022.8,Rainy
6/24/2026,37.9,51.1,2.7,17.1,999.9,Hot
6/25/2026,36.3,92.7,48.7,17.9,1024,Rainy
6/26/2026,26.8,60.2,11.3,12.7,1001.2,Sunny
6/27/2026,25.2,58,15.2,19.3,1017.2,Rainy
6/28/2026,27.6,48.2,15.2,13.1,1011.4,Rainy
6/29/2026,31.8,56.8,11.5,6,1021.5,Sunny
6/30/2026,25.4,88.2,0.1,11.8,1011.6,Cloudy
7/1/2026,32.5,94.8,36.5,5.2,1011,Rainy
7/2/2026,28.2,60.3,48.3,29.5,1000.9,Rainy
7/3/2026,31,64.7,11.2,29.1,1000,Sunny
7/4/2026,28.7,79.7,33.2,14.9,1022.5,Rainy
7/5/2026,25.9,88.7,37.1,23.2,1004.8,Rainy
7/6/2026,39,72.6,42.4,13.6,1006.2,Rainy
7/7/2026,35.3,61.5,21.1,21.8,1017.8,Rainy
7/8/2026,22.8,62.7,15.1,25.1,1005.2,Rainy
7/9/2026,37.4,78.3,16.3,28.7,1023.6,Rainy
7/10/2026,29.7,40.2,35.6,15,1017.1,Rainy
7/11/2026,37.9,74.1,40.8,24.6,1012.9,Rainy
7/12/2026,36,59.6,9.1,11.6,1021.4,Hot
7/13/2026,28.5,83.7,18.5,29.8,996.5,Rainy
7/14/2026,20.4,45.1,45.1,5.6,1002.7,Rainy
7/15/2026,25.4,72.4,40.3,20.1,1009,Rainy
7/16/2026,30.8,66.5,49.2,21.5,1001.8,Rainy
7/17/2026,32.7,75.3,37.7,22.2,1017.3,Rainy
7/18/2026,25.2,43.6,19.7,8,1022.6,Rainy
7/19/2026,22.8,71.9,29.5,28.5,1007.7,Rainy
7/20/2026,36.7,70.9,33.1,9.5,1005.3,Rainy
7/21/2026,39.7,70.8,3.9,20.6,1023.8,Hot
7/22/2026,30.5,73.2,27.2,10.6,1008.3,Rainy
7/23/2026,23.4,77.2,35.5,12.7,1009.7,Rainy
7/24/2026,25.4,84.3,8.4,18.7,1005.5,Cloudy
7/25/2026,20.4,54.8,39,15.4,1022.3,Rainy
7/26/2026,38.3,85.4,29.2,9,1012.1,Rainy
7/27/2026,22.4,67.4,47.6,9.3,1017.9,Rainy
7/28/2026,31.5,44.2,2.1,15.5,1019.4,Sunny
7/29/2026,25.5,43.2,13.3,23.9,1005.3,Sunny
7/30/2026,31.1,58.4,30.1,27.4,1008,Rainy
7/31/2026,33,83.2,14.8,7.1,1020.5,Cloudy
8/1/2026,36.6,78.9,35.7,14.8,1005.9,Rainy
8/2/2026,24.1,83.4,38,7.5,1018.8,Rainy
8/3/2026,20.2,68.4,5.1,5.4,1023.2,Sunny
8/4/2026,22.7,64.2,25.7,21.5,1013.7,Rainy
8/5/2026,38,48.1,25.4,20.1,1017.2,Rainy
8/6/2026,37.5,58.1,18.5,9.1,1019.2,Rainy
8/7/2026,31.9,63.9,46.6,10.8,1020.4,Rainy
8/8/2026,32,44.9,41.4,5.6,1006.9,Rainy
8/9/2026,33.3,52.1,34.9,25.9,996.5,Rainy
8/10/2026,23.5,72.9,35.7,29.4,1007.1,Rainy
8/11/2026,38.3,80.5,23.1,8.4,1015.2,Rainy
8/12/2026,28.4,94.9,46,10.8,1008.5,Rainy
8/13/2026,27.7,91.3,34.7,26.7,1017.5,Rainy
8/14/2026,30.4,75.3,36.4,28.2,1005.7,Rainy
8/15/2026,20.9,63.2,43.1,15.5,1014,Rainy
8/16/2026,23.3,75,13.7,6.3,1000.6,Sunny
8/17/2026,34.8,83.2,40.4,6,1017.5,Rainy
8/18/2026,21.7,46.5,9.8,19.3,1011.4,Sunny
8/19/2026,32.1,62.5,17.3,14.8,1001.1,Rainy
8/20/2026,24.9,86.2,16.8,5.7,1003.8,Rainy
8/21/2026,27.8,61.1,48.9,19.6,1017.5,Rainy
8/22/2026,25.8,71.5,42.8,5.3,1009.5,Rainy
8/23/2026,27.1,72.3,35.1,24.7,1001.5,Rainy
8/24/2026,34.4,50.1,36.4,12.7,1024,Rainy
8/25/2026,25.9,59.9,28.1,6,1016.5,Rainy
8/26/2026,31.3,58.4,47.4,19.7,1023.7,Rainy
8/27/2026,29.5,41.4,24.8,14.9,1007.8,Rainy
8/28/2026,33.3,41.3,19,29.3,1009.3,Rainy
8/29/2026,38.7,85.7,8.2,18.6,1021.9,Hot
8/30/2026,34.7,55,39.3,11.9,1010.8,Rainy
8/31/2026,24.3,68.5,36.7,22.7,1016.2,Rainy
9/1/2026,20.6,56.4,19.2,11.8,1002.6,Rainy
9/2/2026,25.2,91.7,1.3,27.6,1008.4,Cloudy
9/3/2026,31.9,54.3,41.9,14.4,998.7,Rainy
9/4/2026,21,63.6,0.6,18.7,1001.2,Sunny
9/5/2026,29.9,88,35.2,6.3,995,Rainy
9/6/2026,31.9,86.3,48.5,15.7,996.2,Rainy
9/7/2026,26.7,50.2,21.9,25.8,1024.3,Rainy
9/8/2026,35.4,84.1,11.7,25.1,1002.3,Hot
9/9/2026,22.1,65.2,35.2,10.6,1014.9,Rainy
9/10/2026,21.5,66.6,40.9,10.7,1020.2,Rainy
9/11/2026,34.6,47.3,27.3,25.4,1011.5,Rainy
9/12/2026,29.9,44.4,48.4,28.3,999.6,Rainy
9/13/2026,33.8,80,2.6,7.4,1016.8,Sunny
9/14/2026,28.7,67.3,25.2,16.3,1013,Rainy
9/15/2026,24.9,64,35.9,13.4,1016.9,Rainy
9/16/2026,36.4,80.1,43.1,26.8,1018.1,Rainy
9/17/2026,36,82.1,9,7.1,1024.3,Hot
9/18/2026,33.9,48.7,40,10.3,1012.2,Rainy
9/19/2026,25.4,73.6,27.6,23.8,1005.2,Rainy
9/20/2026,31.8,47.4,19.8,6.3,1014.5,Rainy
9/21/2026,27.2,81.3,6.6,17.3,997.1,Cloudy
9/22/2026,21.8,76.1,43.3,16.1,1021.9,Rainy
9/23/2026,38.3,92.6,7.9,13.4,998.6,Hot
9/24/2026,22.7,43.8,15.5,14.9,1004.8,Rainy
9/25/2026,39,43.1,14.5,18.2,1019.5,Hot
9/26/2026,28.9,55.5,43.6,9,1012.9,Rainy
